[{"pos_x": 112.89, "pos_y": -92.71, "rotation": 0.0, "side": "top", "designator": "R6", "mpn": null, "pack": "R_0603_1608Metric", "value": "1K", "mount_type": "smt", "place": true}, {"pos_x": 121.158, "pos_y": -107.95, "rotation": 180.0, "side": "top", "designator": "SW1", "mpn": null, "pack": "SW_SPST_B3S-1000", "value": "SW_Push", "mount_type": "smt", "place": true}, {"pos_x": 124.32, "pos_y": -93.345, "rotation": 180.0, "side": "top", "designator": "C7", "mpn": null, "pack": "C_0603_1608Metric", "value": "0.1uF", "mount_type": "smt", "place": true}, {"pos_x": 336.162299, "pos_y": -86.6775, "rotation": -90.0, "side": "top", "designator": "RN6", "mpn": null, "pack": "EXB-D10C103J", "value": "EXB-D10C102J", "mount_type": "tht", "place": true}, {"pos_x": 344.805, "pos_y": -95.0975, "rotation": 90.0, "side": "top", "designator": "D46", "mpn": null, "pack": "LED_0603_1608Metric", "value": "LED_Yellow", "mount_type": "smt", "place": true}, {"pos_x": 113.538, "pos_y": -80.264, "rotation": 0.0, "side": "top", "designator": "D2", "mpn": null, "pack": "LED_0603_1608Metric", "value": "LED_Blue", "mount_type": "smt", "place": true}, {"pos_x": 298.45, "pos_y": -95.0975, "rotation": 90.0, "side": "top", "designator": "D17", "mpn": null, "pack": "LED_0603_1608Metric", "value": "LED_Yellow", "mount_type": "smt", "place": true}, {"pos_x": 280.035, "pos_y": -95.0975, "rotation": 90.0, "side": "top", "designator": "D33", "mpn": null, "pack": "LED_0603_1608Metric", "value": "LED_Red", "mount_type": "smt", "place": true}, {"pos_x": 293.37, "pos_y": -95.0975, "rotation": 90.0, "side": "top", "designator": "D15", "mpn": null, "pack": "LED_0603_1608Metric", "value": "LED_Yellow", "mount_type": "smt", "place": true}, {"pos_x": 319.405, "pos_y": -95.06, "rotation": 90.0, "side": "top", "designator": "D36", "mpn": null, "pack": "LED_0603_1608Metric", "value": "LED_Yellow", "mount_type": "smt", "place": true}, {"pos_x": 112.89, "pos_y": -98.425, "rotation": 0.0, "side": "top", "designator": "R11", "mpn": null, "pack": "R_0603_1608Metric", "value": "10K", "mount_type": "smt", "place": true}, {"pos_x": 264.795, "pos_y": -95.0975, "rotation": 90.0, "side": "top", "designator": "D27", "mpn": null, "pack": "LED_0603_1608Metric", "value": "LED_Red", "mount_type": "smt", "place": true}, {"pos_x": 198.755, "pos_y": -52.07, "rotation": 0.0, "side": "top", "designator": "U7", "mpn": null, "pack": "DIP-40_W15.24mm", "value": "82C55A", "mount_type": "tht", "place": true}, {"pos_x": 296.932701, "pos_y": -86.848599, "rotation": 90.0, "side": "top", "designator": "RN2", "mpn": null, "pack": "EXB-D10C103J", "value": "EXB-D10C102J", "mount_type": "tht", "place": true}, {"pos_x": 61.722, "pos_y": -121.92, "rotation": 0.0, "side": "top", "designator": "J8", "mpn": null, "pack": "PinSocket_2x04_P2.54mm_Vertical", "value": "PinHeader_Female04x02", "mount_type": "tht", "place": true}, {"pos_x": 290.83, "pos_y": -95.0975, "rotation": 90.0, "side": "top", "designator": "D14", "mpn": null, "pack": "LED_0603_1608Metric", "value": "LED_Yellow", "mount_type": "smt", "place": true}, {"pos_x": 125.095, "pos_y": -89.345, "rotation": 90.0, "side": "top", "designator": "R13", "mpn": null, "pack": "R_0603_1608Metric", "value": "10K", "mount_type": "smt", "place": true}, {"pos_x": 227.33, "pos_y": -52.705, "rotation": 0.0, "side": "top", "designator": "J3", "mpn": null, "pack": "PinSocket_2x04_P2.54mm_Vertical", "value": "PinHeader_Female04x02", "mount_type": "tht", "place": true}, {"pos_x": 133.985, "pos_y": -87.63, "rotation": 0.0, "side": "top", "designator": "CPU1", "mpn": null, "pack": "LQFP-44_10x10mm_P0.8mm", "value": "Z84C0010AEG", "mount_type": "smt", "place": true}, {"pos_x": 267.335, "pos_y": -95.0975, "rotation": 90.0, "side": "top", "designator": "D28", "mpn": null, "pack": "LED_0603_1608Metric", "value": "LED_Red", "mount_type": "smt", "place": true}, {"pos_x": 288.29, "pos_y": -95.0975, "rotation": 90.0, "side": "top", "designator": "D13", "mpn": null, "pack": "LED_0603_1608Metric", "value": "LED_Yellow", "mount_type": "smt", "place": true}, {"pos_x": 272.415, "pos_y": -95.0975, "rotation": 90.0, "side": "top", "designator": "D30", "mpn": null, "pack": "LED_0603_1608Metric", "value": "LED_Red", "mount_type": "smt", "place": true}, {"pos_x": 80.775, "pos_y": -25.396, "rotation": 0.0, "side": "top", "designator": "U5", "mpn": null, "pack": "SOIC-16W_5.3x10.2mm_P1.27mm", "value": "SN74HC138N", "mount_type": "smt", "place": true}, {"pos_x": 268.1225, "pos_y": -63.5, "rotation": 0.0, "side": "top", "designator": "D25", "mpn": null, "pack": "LED_0603_1608Metric", "value": "LED_Red", "mount_type": "smt", "place": true}, {"pos_x": 271.532701, "pos_y": -86.848599, "rotation": 90.0, "side": "top", "designator": "RN4", "mpn": null, "pack": "EXB-D10C103J", "value": "EXB-D10C102J", "mount_type": "tht", "place": true}, {"pos_x": 347.345, "pos_y": -95.0975, "rotation": 90.0, "side": "top", "designator": "D47", "mpn": null, "pack": "LED_0603_1608Metric", "value": "LED_Yellow", "mount_type": "smt", "place": true}, {"pos_x": 107.442, "pos_y": -81.229, "rotation": 90.0, "side": "top", "designator": "R14", "mpn": null, "pack": "R_0603_1608Metric", "value": "1K", "mount_type": "smt", "place": true}, {"pos_x": 144.272, "pos_y": -99.314, "rotation": 180.0, "side": "top", "designator": "SW3", "mpn": null, "pack": "SW_SPST_B3S-1000", "value": "SW_Push", "mount_type": "smt", "place": true}, {"pos_x": 321.945, "pos_y": -95.06, "rotation": 90.0, "side": "top", "designator": "D37", "mpn": null, "pack": "LED_0603_1608Metric", "value": "LED_Yellow", "mount_type": "smt", "place": true}, {"pos_x": 327.025, "pos_y": -95.06, "rotation": 90.0, "side": "top", "designator": "D39", "mpn": null, "pack": "LED_0603_1608Metric", "value": "LED_Yellow", "mount_type": "smt", "place": true}, {"pos_x": 295.91, "pos_y": -95.0975, "rotation": 90.0, "side": "top", "designator": "D16", "mpn": null, "pack": "LED_0603_1608Metric", "value": "LED_Yellow", "mount_type": "smt", "place": true}, {"pos_x": 112.89, "pos_y": -96.52, "rotation": 180.0, "side": "top", "designator": "C5", "mpn": null, "pack": "C_0603_1608Metric", "value": "0.1uF", "mount_type": "smt", "place": true}, {"pos_x": 267.185, "pos_y": -71.11, "rotation": 0.0, "side": "top", "designator": "U6", "mpn": null, "pack": "SOIC-14_3.9x8.7mm_P1.27mm", "value": "4069", "mount_type": "smt", "place": true}, {"pos_x": 110.2105, "pos_y": -85.344, "rotation": 180.0, "side": "top", "designator": "R10", "mpn": null, "pack": "R_0603_1608Metric", "value": "1K", "mount_type": "smt", "place": true}, {"pos_x": 227.35, "pos_y": -66.05, "rotation": 0.0, "side": "top", "designator": "J4", "mpn": null, "pack": "PinSocket_2x04_P2.54mm_Vertical", "value": "PinHeader_Female04x02", "mount_type": "tht", "place": true}, {"pos_x": 151.125, "pos_y": -59.04, "rotation": 0.0, "side": "top", "designator": "RAM1", "mpn": null, "pack": "DIP-28_W15.24mm_Socket", "value": "HM62256BLP", "mount_type": "tht", "place": true}, {"pos_x": 329.565, "pos_y": -95.06, "rotation": 90.0, "side": "top", "designator": "D40", "mpn": null, "pack": "LED_0603_1608Metric", "value": "LED_Yellow", "mount_type": "smt", "place": true}, {"pos_x": 124.32, "pos_y": -99.06, "rotation": 0.0, "side": "top", "designator": "R12", "mpn": null, "pack": "R_0603_1608Metric", "value": "10K", "mount_type": "smt", "place": true}, {"pos_x": 226.06, "pos_y": -92.71, "rotation": 0.0, "side": "top", "designator": "J1", "mpn": null, "pack": "PinHeader_1x02_P2.54mm_Vertical", "value": "PinHeader_Female01x02", "mount_type": "tht", "place": true}, {"pos_x": 54.572, "pos_y": -121.92, "rotation": 0.0, "side": "top", "designator": "J7", "mpn": null, "pack": "PinSocket_2x04_P2.54mm_Vertical", "value": "PinHeader_Female04x02", "mount_type": "tht", "place": true}, {"pos_x": 352.425, "pos_y": -95.0975, "rotation": 90.0, "side": "top", "designator": "D49", "mpn": null, "pack": "LED_0603_1608Metric", "value": "LED_Yellow", "mount_type": "smt", "place": true}, {"pos_x": 133.985, "pos_y": -65.405, "rotation": 0.0, "side": "top", "designator": "ROM1", "mpn": null, "pack": "SOIC-28W_7.5x17.9mm_P1.27mm", "value": "AT28C64B-15SU", "mount_type": "smt", "place": true}, {"pos_x": 306.07, "pos_y": -95.0975, "rotation": 90.0, "side": "top", "designator": "D20", "mpn": null, "pack": "LED_0603_1608Metric", "value": "LED_Yellow", "mount_type": "smt", "place": true}, {"pos_x": 118.605, "pos_y": -102.87, "rotation": 0.0, "side": "top", "designator": "C4", "mpn": null, "pack": "C_0603_1608Metric", "value": "0.1uF", "mount_type": "smt", "place": true}, {"pos_x": 118.605, "pos_y": -89.535, "rotation": 180.0, "side": "top", "designator": "R5", "mpn": null, "pack": "R_0603_1608Metric", "value": "1K", "mount_type": "smt", "place": true}, {"pos_x": 117.475, "pos_y": -86.105, "rotation": 90.0, "side": "top", "designator": "R7", "mpn": null, "pack": "R_0603_1608Metric", "value": "10K", "mount_type": "smt", "place": true}, {"pos_x": 143.51, "pos_y": -91.948, "rotation": 180.0, "side": "top", "designator": "C8", "mpn": null, "pack": "C_0603_1608Metric", "value": "1uF", "mount_type": "smt", "place": true}, {"pos_x": 112.89, "pos_y": -100.33, "rotation": 180.0, "side": "top", "designator": "D5", "mpn": null, "pack": "LED_0603_1608Metric", "value": "LED_Blue", "mount_type": "smt", "place": true}, {"pos_x": 90.075, "pos_y": -24.526, "rotation": 0.0, "side": "top", "designator": "U8", "mpn": null, "pack": "SO-14_3.9x8.65mm_P1.27mm", "value": "4081", "mount_type": "smt", "place": true}, {"pos_x": 106.172, "pos_y": -99.822, "rotation": -90.0, "side": "top", "designator": "RV1", "mpn": null, "pack": "Potentiometer_Vishay_TS53YJ_Vertical", "value": "1M", "mount_type": "smt", "place": true}, {"pos_x": 47.422, "pos_y": -121.92, "rotation": 0.0, "side": "top", "designator": "J6", "mpn": null, "pack": "PinSocket_2x04_P2.54mm_Vertical", "value": "PinHeader_Female04x02", "mount_type": "tht", "place": true}, {"pos_x": 179.832, "pos_y": -95.25, "rotation": 180.0, "side": "top", "designator": "J2", "mpn": null, "pack": "PinSocket_2x16_P2.54mm_Vertical", "value": "PinHeader_Female16x02", "mount_type": "tht", "place": true}, {"pos_x": 110.2105, "pos_y": -80.314, "rotation": 180.0, "side": "top", "designator": "R3", "mpn": null, "pack": "R_0603_1608Metric", "value": "1K", "mount_type": "smt", "place": true}, {"pos_x": 334.645, "pos_y": -95.0975, "rotation": 90.0, "side": "top", "designator": "D42", "mpn": null, "pack": "LED_0603_1608Metric", "value": "LED_Yellow", "mount_type": "smt", "place": true}, {"pos_x": 124.32, "pos_y": -100.965, "rotation": 180.0, "side": "top", "designator": "R1", "mpn": null, "pack": "R_0603_1608Metric", "value": "1K", "mount_type": "smt", "place": true}, {"pos_x": 118.67, "pos_y": -97.155, "rotation": 0.0, "side": "top", "designator": "CLK1", "mpn": null, "pack": "SOIC-14_3.9x8.7mm_P1.27mm", "value": "NE556", "mount_type": "smt", "place": true}, {"pos_x": 262.89, "pos_y": -64.77, "rotation": 0.0, "side": "top", "designator": "D24", "mpn": null, "pack": "LED_0603_1608Metric", "value": "LED_Red", "mount_type": "smt", "place": true}, {"pos_x": 70.625, "pos_y": -25.396, "rotation": 0.0, "side": "top", "designator": "U4", "mpn": null, "pack": "SOIC-16W_5.3x10.2mm_P1.27mm", "value": "SN74HC138N", "mount_type": "smt", "place": true}, {"pos_x": 290.976401, "pos_y": -53.868, "rotation": 0.0, "side": "top", "designator": "RN1", "mpn": null, "pack": "EXB-D10C103J", "value": "EXB-D10C102J", "mount_type": "tht", "place": true}, {"pos_x": 262.255, "pos_y": -69.85, "rotation": 0.0, "side": "top", "designator": "D26", "mpn": null, "pack": "LED_0603_1608Metric", "value": "LED_Red", "mount_type": "smt", "place": true}, {"pos_x": 274.955, "pos_y": -95.0975, "rotation": 90.0, "side": "top", "designator": "D31", "mpn": null, "pack": "LED_0603_1608Metric", "value": "LED_Red", "mount_type": "smt", "place": true}, {"pos_x": 332.105, "pos_y": -95.06, "rotation": 90.0, "side": "top", "designator": "D41", "mpn": null, "pack": "LED_0603_1608Metric", "value": "LED_Yellow", "mount_type": "smt", "place": true}, {"pos_x": 56.5636, "pos_y": -134.0015, "rotation": 0.0, "side": "top", "designator": "RN7", "mpn": null, "pack": "EXB-D10C103J", "value": "EXB-D10C102J", "mount_type": "tht", "place": true}, {"pos_x": 303.53, "pos_y": -95.0975, "rotation": 90.0, "side": "top", "designator": "D19", "mpn": null, "pack": "LED_0603_1608Metric", "value": "LED_Yellow", "mount_type": "smt", "place": true}, {"pos_x": 98.636, "pos_y": -83.63, "rotation": 90.0, "side": "top", "designator": "SW2", "mpn": null, "pack": "MHS133G04", "value": "SW_SP3T", "mount_type": "tht", "place": true}, {"pos_x": 269.875, "pos_y": -95.0975, "rotation": 90.0, "side": "top", "designator": "D29", "mpn": null, "pack": "LED_0603_1608Metric", "value": "LED_Red", "mount_type": "smt", "place": true}, {"pos_x": 342.265, "pos_y": -95.0975, "rotation": 90.0, "side": "top", "designator": "D45", "mpn": null, "pack": "LED_0603_1608Metric", "value": "LED_Yellow", "mount_type": "smt", "place": true}, {"pos_x": 339.725, "pos_y": -95.0975, "rotation": 90.0, "side": "top", "designator": "D44", "mpn": null, "pack": "LED_0603_1608Metric", "value": "LED_Yellow", "mount_type": "smt", "place": true}, {"pos_x": 129.5525, "pos_y": -99.06, "rotation": 180.0, "side": "top", "designator": "D6", "mpn": null, "pack": "LED_0603_1608Metric", "value": "LED_Blue", "mount_type": "smt", "place": true}, {"pos_x": 124.079, "pos_y": -69.596, "rotation": -90.0, "side": "top", "designator": "C2", "mpn": null, "pack": "C_0603_1608Metric", "value": "0.1uF", "mount_type": "smt", "place": true}, {"pos_x": 97.091, "pos_y": -76.454, "rotation": 0.0, "side": "top", "designator": "R8", "mpn": null, "pack": "R_0603_1608Metric", "value": "1K", "mount_type": "smt", "place": true}, {"pos_x": 124.32, "pos_y": -95.25, "rotation": 180.0, "side": "top", "designator": "R9", "mpn": null, "pack": "R_0603_1608Metric", "value": "2M", "mount_type": "smt", "place": true}, {"pos_x": 125.725, "pos_y": -20.569, "rotation": 0.0, "side": "top", "designator": "A1", "mpn": null, "pack": "DIP-24_W15.24mm_Socket", "value": "32U4 Arduino", "mount_type": "tht", "place": true}, {"pos_x": 316.865, "pos_y": -95.06, "rotation": 90.0, "side": "top", "designator": "D35", "mpn": null, "pack": "LED_0603_1608Metric", "value": "LED_Yellow", "mount_type": "smt", "place": true}, {"pos_x": 216.98, "pos_y": -64.77, "rotation": 0.0, "side": "top", "designator": "R18", "mpn": null, "pack": "R_0603_1608Metric", "value": "10K", "mount_type": "smt", "place": true}, {"pos_x": 107.442, "pos_y": -84.5565, "rotation": -90.0, "side": "top", "designator": "D8", "mpn": null, "pack": "LED_0603_1608Metric", "value": "LED_Blue", "mount_type": "smt", "place": true}, {"pos_x": 118.605, "pos_y": -91.44, "rotation": 0.0, "side": "top", "designator": "C3", "mpn": null, "pack": "C_0603_1608Metric", "value": "0.1uF", "mount_type": "smt", "place": true}, {"pos_x": 50.8, "pos_y": -30.48, "rotation": 0.0, "side": "top", "designator": "U3", "mpn": null, "pack": "SO-16_3.9x9.9mm_P1.27mm", "value": "74HC595", "mount_type": "smt", "place": true}, {"pos_x": 25.732, "pos_y": -121.67, "rotation": 0.0, "side": "top", "designator": "U10", "mpn": null, "pack": "DIP-40_W15.24mm", "value": "82C55A", "mount_type": "tht", "place": true}, {"pos_x": 119.634, "pos_y": -65.786, "rotation": 180.0, "side": "top", "designator": "CLK2", "mpn": null, "pack": "Oscillator_DIP-14", "value": "TFT680", "mount_type": "tht", "place": true}, {"pos_x": 112.89, "pos_y": -94.615, "rotation": 180.0, "side": "top", "designator": "C1", "mpn": null, "pack": "C_0603_1608Metric", "value": "1uF", "mount_type": "smt", "place": true}, {"pos_x": 349.885, "pos_y": -95.0975, "rotation": 90.0, "side": "top", "designator": "D48", "mpn": null, "pack": "LED_0603_1608Metric", "value": "LED_Yellow", "mount_type": "smt", "place": true}, {"pos_x": 113.538, "pos_y": -85.344, "rotation": 0.0, "side": "top", "designator": "D4", "mpn": null, "pack": "LED_0603_1608Metric", "value": "LED_Blue", "mount_type": "smt", "place": true}, {"pos_x": 324.485, "pos_y": -95.06, "rotation": 90.0, "side": "top", "designator": "D38", "mpn": null, "pack": "LED_0603_1608Metric", "value": "LED_Yellow", "mount_type": "smt", "place": true}, {"pos_x": 330.447299, "pos_y": -86.6775, "rotation": 90.0, "side": "top", "designator": "RN5", "mpn": null, "pack": "EXB-D10C103J", "value": "EXB-D10C102J", "mount_type": "tht", "place": true}, {"pos_x": 271.145, "pos_y": -58.16, "rotation": 0.0, "side": "top", "designator": "D22", "mpn": null, "pack": "LED_0603_1608Metric", "value": "LED_Red", "mount_type": "smt", "place": true}, {"pos_x": 124.32, "pos_y": -97.155, "rotation": 0.0, "side": "top", "designator": "C6", "mpn": null, "pack": "C_0603_1608Metric", "value": "0.1uF", "mount_type": "smt", "place": true}, {"pos_x": 40.64, "pos_y": -30.48, "rotation": 0.0, "side": "top", "designator": "U2", "mpn": null, "pack": "SO-16_3.9x9.9mm_P1.27mm", "value": "74HC595", "mount_type": "smt", "place": true}, {"pos_x": 337.185, "pos_y": -95.0975, "rotation": 90.0, "side": "top", "designator": "D43", "mpn": null, "pack": "LED_0603_1608Metric", "value": "LED_Yellow", "mount_type": "smt", "place": true}, {"pos_x": 261.62, "pos_y": -59.69, "rotation": 0.0, "side": "top", "designator": "D23", "mpn": null, "pack": "LED_0603_1608Metric", "value": "LED_Red", "mount_type": "smt", "place": true}, {"pos_x": 122.555, "pos_y": -82.74, "rotation": 0.0, "side": "top", "designator": "U1", "mpn": null, "pack": "SO-14_3.9x8.65mm_P1.27mm", "value": "4081", "mount_type": "smt", "place": true}, {"pos_x": 314.325, "pos_y": -95.06, "rotation": 90.0, "side": "top", "designator": "D34", "mpn": null, "pack": "LED_0603_1608Metric", "value": "LED_Yellow", "mount_type": "smt", "place": true}, {"pos_x": 300.99, "pos_y": -95.0975, "rotation": 90.0, "side": "top", "designator": "D18", "mpn": null, "pack": "LED_0603_1608Metric", "value": "LED_Yellow", "mount_type": "smt", "place": true}, {"pos_x": 267.185, "pos_y": -54.61, "rotation": 0.0, "side": "top", "designator": "D21", "mpn": null, "pack": "LED_0603_1608Metric", "value": "LED_Red", "mount_type": "smt", "place": true}, {"pos_x": 277.495, "pos_y": -95.0975, "rotation": 90.0, "side": "top", "designator": "D32", "mpn": null, "pack": "LED_0603_1608Metric", "value": "LED_Red", "mount_type": "smt", "place": true}, {"pos_x": 227.35, "pos_y": -79.385, "rotation": 0.0, "side": "top", "designator": "J5", "mpn": null, "pack": "PinSocket_2x04_P2.54mm_Vertical", "value": "PinHeader_Female04x02", "mount_type": "tht", "place": true}, {"pos_x": 117.475, "pos_y": -81.09, "rotation": 90.0, "side": "top", "designator": "R2", "mpn": null, "pack": "R_0603_1608Metric", "value": "10K", "mount_type": "smt", "place": true}, {"pos_x": 274.6375, "pos_y": -66.287299, "rotation": 0.0, "side": "top", "designator": "RN3", "mpn": null, "pack": "EXB-D10C103J", "value": "EXB-D10C102J", "mount_type": "tht", "place": true}, {"pos_x": 135.89, "pos_y": -91.694, "rotation": 180.0, "side": "bottom", "designator": "R15", "mpn": null, "pack": "R_0603_1608Metric", "value": "1K", "mount_type": "smt", "place": true}, {"pos_x": 122.555, "pos_y": -85.09, "rotation": -90.0, "side": "bottom", "designator": "R4", "mpn": null, "pack": "R_0603_1608Metric", "value": "10K", "mount_type": "smt", "place": true}]